"POId","OrderID","POName","Amount","DeliveryTime","ReceiptTime","InvoiceTime","OnTimeOrLate","RejectedItems","SubstitutedItems","OrderedDate","NeedByDate","SupplierId","SupplierName","SupplierPublicName","SupplierCity","SupplierState","SupplierCountry","SupplierLocationId","POLineNumber","Title","Description","LineSupplierId","LineSupplierName","LineSupplierPublicName","LineSupplierCity","LineSupplierState","LineSupplierCountry","LineSupplierLocationId","Orderd_Quantity","LineNeedByDate","Amount","LineItemCount","POCount","OrderedDate","CommodityId","CommodityName","UNSPSCCodeId","SupplierPartNumber","PartName","OrderType"
"PO11","PO11","SSP_Reports-Inv777169670","109.95000","0.0000000000","0.0001730000","0.0000000000","","Rejected","Substituted","9/21/2011 12:00 AM","1/1/1970 12:00 AM","0000000100","JCN Technologies (AN - Fulfillment FT)","","Berlin","CA","US","0000000100","1","SSP_Reports-Inv777169670","4 Port Expand View Video Splitter","0000000100","JCN Technologies (AN - Fulfillment FT)","","Berlin","CA","US","0000000100","1.00000","1/1/1970 12:00 AM","109.95000","1.0000000000","1.0000000000","9/21/2011 12:00 AM","432118","","","DSD1178","(DSD1178 sid496) Sales tax","Direct"
"PO33","PO33","Copy of S e s","220.02000","0.0000000000","0.0024530000","0.0000000000","","Rejected","Substituted","5/7/2022 12:00 AM","1/1/1970 12:00 AM","0000000100","JCN Technologies (AN - Fulfillment FT)","","Berlin","CA","US","0000000100","1","Copy of S e s","s","0000000100","JCN Technologies (AN - Fulfillment FT)","","Berlin","CA","US","0000000100","1.00000","1/1/1970 12:00 AM","110.01000","1.0000000000","0.5000000000","5/7/2022 12:00 AM","82111502","","","","","Direct"
"PO33","PO33","Copy of S e s","220.02000","0.0000000000","0.0024530000","0.0000000000","","Rejected","Substituted","5/7/2022 12:00 AM","1/1/1970 12:00 AM","0000000100","JCN Technologies (AN - Fulfillment FT)","","Berlin","CA","US","0000000100","2","Copy of S e s","s","0000000100","JCN Technologies (AN - Fulfillment FT)","","Berlin","CA","US","0000000100","1.00000","1/1/1970 12:00 AM","110.01000","1.0000000000","0.5000000000","5/7/2022 12:00 AM","82111502","","","","","Direct"
"PO35","PO35","material catalog+adhoc service","10.25000","0.0000000000","0.0006130000","0.0000000000","","Rejected","Substituted","5/7/2022 12:00 AM","1/1/1970 12:00 AM","0000000100","JCN Technologies (AN - Fulfillment FT)","","Berlin","CA","US","0000000100","1","material catalog+adhoc service","Adapter DB9M/MD6M Logitech Trackman","0000000100","JCN Technologies (AN - Fulfillment FT)","","Berlin","CA","US","0000000100","1.00000","1/1/1970 12:00 AM","10.25000","1.0000000000","1.0000000000","5/7/2022 12:00 AM","432118","","","AD964L 1","(AD964L 1 sid496) Adapter DB9M/MD6M Logitech Trackman","Direct"
"PO38","PO38","Copy of Latha HF Verification -1","10.89063","0.0000000000","0.0007400000","0.0000000000","","Rejected","Substituted","8/17/2022 12:00 AM","1/1/1970 12:00 AM","0000000100","JCN Technologies (AN - Fulfillment FT)","","Berlin","CA","US","0000000100","100001","Copy of Latha HF Verification -1","Sales tax","0000000100","JCN Technologies (AN - Fulfillment FT)","","Berlin","CA","US","0000000100","0.00000","1/1/1970 12:00 AM","0.64063","1.0000000000","0.5000000000","8/17/2022 12:00 AM","432118","","","AD964L 1","(AD964L 1 sid496) Adapter DB9M/MD6M Logitech Trackman","Direct"
"PO38","PO38","Copy of Latha HF Verification -1","10.89063","0.0000000000","0.0007400000","0.0000000000","","Rejected","Substituted","8/17/2022 12:00 AM","1/1/1970 12:00 AM","0000000100","JCN Technologies (AN - Fulfillment FT)","","Berlin","CA","US","0000000100","1","Copy of Latha HF Verification -1","Adapter DB9M/MD6M Logitech Trackman","0000000100","JCN Technologies (AN - Fulfillment FT)","","Berlin","CA","US","0000000100","1.00000","1/1/1970 12:00 AM","10.25000","1.0000000000","0.5000000000","8/17/2022 12:00 AM","432118","","","AD964L 1","(AD964L 1 sid496) Adapter DB9M/MD6M Logitech Trackman","Direct"
"PO39","PO39","TestMl","108.90625","0.0000000000","0.0007400000","0.0000000000","","Rejected","Substituted","10/26/2022 12:00 AM","1/1/1970 12:00 AM","0000000100","JCN Technologies (AN - Fulfillment FT)","","Berlin","CA","US","0000000100","1","TestMl","Adapter DB9M/MD6M Logitech Trackman","0000000100","JCN Technologies (AN - Fulfillment FT)","","Berlin","CA","US","0000000100","10.00000","1/1/1970 12:00 AM","102.50000","1.0000000000","0.5000000000","10/26/2022 12:00 AM","432118","","","AD964L 1","(AD964L 1 sid496) Adapter DB9M/MD6M Logitech Trackman","Direct"
"PO39","PO39","TestMl","108.90625","0.0000000000","0.0007400000","0.0000000000","","Rejected","Substituted","10/26/2022 12:00 AM","1/1/1970 12:00 AM","0000000100","JCN Technologies (AN - Fulfillment FT)","","Berlin","CA","US","0000000100","100001","TestMl","Sales tax","0000000100","JCN Technologies (AN - Fulfillment FT)","","Berlin","CA","US","0000000100","0.00000","1/1/1970 12:00 AM","6.40625","1.0000000000","0.5000000000","10/26/2022 12:00 AM","432118","","","AD964L 1","(AD964L 1 sid496) Adapter DB9M/MD6M Logitech Trackman","Direct"
"PO40","PO40","Test12","108.90625","0.0000000000","0.0017590000","0.0000000000","","Rejected","Substituted","10/26/2022 12:00 AM","1/1/1970 12:00 AM","0000000100","JCN Technologies (AN - Fulfillment FT)","","Berlin","CA","US","0000000100","1","Test12","Adapter DB9M/MD6M Logitech Trackman","0000000100","JCN Technologies (AN - Fulfillment FT)","","Berlin","CA","US","0000000100","10.00000","1/1/1970 12:00 AM","102.50000","1.0000000000","0.5000000000","10/26/2022 12:00 AM","432118","","","AD964L 1","(AD964L 1 sid496) Adapter DB9M/MD6M Logitech Trackman","Direct"
"PO40","PO40","Test12","108.90625","0.0000000000","0.0017590000","0.0000000000","","Rejected","Substituted","10/26/2022 12:00 AM","1/1/1970 12:00 AM","0000000100","JCN Technologies (AN - Fulfillment FT)","","Berlin","CA","US","0000000100","100001","Test12","Sales tax","0000000100","JCN Technologies (AN - Fulfillment FT)","","Berlin","CA","US","0000000100","0.00000","1/1/1970 12:00 AM","6.40625","1.0000000000","0.5000000000","10/26/2022 12:00 AM","432118","","","AD964L 1","(AD964L 1 sid496) Adapter DB9M/MD6M Logitech Trackman","Direct"
"PO41","PO41","ML1","2,063.90625","0.0000000000","0.0031590000","0.0000000000","","Rejected","Substituted","10/27/2022 12:00 AM","1/1/1970 12:00 AM","0000000100","JCN Technologies (AN - Fulfillment FT)","","Berlin","CA","US","0000000100","100002","ML1","Sales tax","0000000100","JCN Technologies (AN - Fulfillment FT)","","Berlin","CA","US","0000000100","0.00000","1/1/1970 12:00 AM","40.46875","1.0000000000","0.2500000000","10/27/2022 12:00 AM","432118","","","MON152 10","(MON152 10 sid496) Monitor HD15M/M","Direct"
"PO41","PO41","ML1","2,063.90625","0.0000000000","0.0031590000","0.0000000000","","Rejected","Substituted","10/27/2022 12:00 AM","1/1/1970 12:00 AM","0000000100","JCN Technologies (AN - Fulfillment FT)","","Berlin","CA","US","0000000100","2","ML1","Monitor HD15M/M","0000000100","JCN Technologies (AN - Fulfillment FT)","","Berlin","CA","US","0000000100","50.00000","1/1/1970 12:00 AM","647.50000","1.0000000000","0.2500000000","10/27/2022 12:00 AM","432118","","","MON152 10","(MON152 10 sid496) Monitor HD15M/M","Direct"
"PO41","PO41","ML1","2,063.90625","0.0000000000","0.0031590000","0.0000000000","","Rejected","Substituted","10/27/2022 12:00 AM","1/1/1970 12:00 AM","0000000100","JCN Technologies (AN - Fulfillment FT)","","Berlin","CA","US","0000000100","100001","ML1","Sales tax","0000000100","JCN Technologies (AN - Fulfillment FT)","","Berlin","CA","US","0000000100","0.00000","1/1/1970 12:00 AM","80.93750","1.0000000000","0.2500000000","10/27/2022 12:00 AM","432118","","","MON152 10","(MON152 10 sid496) Monitor HD15M/M","Direct"
"PO41","PO41","ML1","2,063.90625","0.0000000000","0.0031590000","0.0000000000","","Rejected","Substituted","10/27/2022 12:00 AM","1/1/1970 12:00 AM","0000000100","JCN Technologies (AN - Fulfillment FT)","","Berlin","CA","US","0000000100","1","ML1","Monitor HD15M/M","0000000100","JCN Technologies (AN - Fulfillment FT)","","Berlin","CA","US","0000000100","100.00000","1/1/1970 12:00 AM","1,295.00000","1.0000000000","0.2500000000","10/27/2022 12:00 AM","432118","","","MON152 10","(MON152 10 sid496) Monitor HD15M/M","Direct"
"PO42","PO42","ML2","649.45313","0.0000000000","0.0018400000","0.0000000000","Late","Rejected","Substituted","10/27/2022 12:00 AM","10/26/2022 12:00 AM","0000000100","JCN Technologies (AN - Fulfillment FT)","","Berlin","CA","US","0000000100","1","ML2","Adapter DB9M/MD6M Logitech Trackman","0000000100","JCN Technologies (AN - Fulfillment FT)","","Berlin","CA","US","0000000100","50.00000","10/26/2022 12:00 AM","512.50000","1.0000000000","0.2500000000","10/27/2022 12:00 AM","432118","","","AD964L 1","(AD964L 1 sid496) Adapter DB9M/MD6M Logitech Trackman","Direct"
"PO42","PO42","ML2","649.45313","0.0000000000","0.0018400000","0.0000000000","Late","Rejected","Substituted","10/27/2022 12:00 AM","10/26/2022 12:00 AM","0000000100","JCN Technologies (AN - Fulfillment FT)","","Berlin","CA","US","0000000100","2","ML2","Commodore Composite Video RCA M/M","0000000100","JCN Technologies (AN - Fulfillment FT)","","Berlin","CA","US","0000000100","25.00000","10/26/2022 12:00 AM","98.75000","1.0000000000","0.2500000000","10/27/2022 12:00 AM","432118","","","RCA1 6","(RCA1 6 sid496) Commodore Composite Video RCA M/M","Direct"
"PO42","PO42","ML2","649.45313","0.0000000000","0.0018400000","0.0000000000","Late","Rejected","Substituted","10/27/2022 12:00 AM","10/26/2022 12:00 AM","0000000100","JCN Technologies (AN - Fulfillment FT)","","Berlin","CA","US","0000000100","100002","ML2","Sales tax","0000000100","JCN Technologies (AN - Fulfillment FT)","","Berlin","CA","US","0000000100","0.00000","10/26/2022 12:00 AM","6.17188","1.0000000000","0.2500000000","10/27/2022 12:00 AM","432118","","","RCA1 6","(RCA1 6 sid496) Commodore Composite Video RCA M/M","Direct"
"PO42","PO42","ML2","649.45313","0.0000000000","0.0018400000","0.0000000000","Late","Rejected","Substituted","10/27/2022 12:00 AM","10/26/2022 12:00 AM","0000000100","JCN Technologies (AN - Fulfillment FT)","","Berlin","CA","US","0000000100","100001","ML2","Sales tax","0000000100","JCN Technologies (AN - Fulfillment FT)","","Berlin","CA","US","0000000100","0.00000","10/26/2022 12:00 AM","32.03125","1.0000000000","0.2500000000","10/27/2022 12:00 AM","432118","","","AD964L 1","(AD964L 1 sid496) Adapter DB9M/MD6M Logitech Trackman","Direct"
"PO43","PO43","ML3","1,915.15625","0.0000000000","0.0012840000","0.0000000000","","Rejected","Substituted","10/27/2022 12:00 AM","1/1/1970 12:00 AM","0000000100","JCN Technologies (AN - Fulfillment FT)","","Berlin","CA","US","0000000100","1","ML3","Adapter DB9M/MD6M Logitech Trackman","0000000100","JCN Technologies (AN - Fulfillment FT)","","Berlin","CA","US","0000000100","10.00000","1/1/1970 12:00 AM","102.50000","1.0000000000","0.2500000000","10/27/2022 12:00 AM","432118","","","AD964L 1","(AD964L 1 sid496) Adapter DB9M/MD6M Logitech Trackman","Direct"
"PO43","PO43","ML3","1,915.15625","0.0000000000","0.0012840000","0.0000000000","","Rejected","Substituted","10/27/2022 12:00 AM","1/1/1970 12:00 AM","0000000100","JCN Technologies (AN - Fulfillment FT)","","Berlin","CA","US","0000000100","100001","ML3","Sales tax","0000000100","JCN Technologies (AN - Fulfillment FT)","","Berlin","CA","US","0000000100","0.00000","1/1/1970 12:00 AM","6.40625","1.0000000000","0.2500000000","10/27/2022 12:00 AM","432118","","","AD964L 1","(AD964L 1 sid496) Adapter DB9M/MD6M Logitech Trackman","Direct"
"PO43","PO43","ML3","1,915.15625","0.0000000000","0.0012840000","0.0000000000","","Rejected","Substituted","10/27/2022 12:00 AM","1/1/1970 12:00 AM","0000000100","JCN Technologies (AN - Fulfillment FT)","","Berlin","CA","US","0000000100","100002","ML3","Sales tax","0000000100","JCN Technologies (AN - Fulfillment FT)","","Berlin","CA","US","0000000100","0.00000","1/1/1970 12:00 AM","106.25000","1.0000000000","0.2500000000","10/27/2022 12:00 AM","432118","","","AD1513","(AD1513 sid496) Adapter SUN Monitor  HD15F/13W3M","Direct"
"PO43","PO43","ML3","1,915.15625","0.0000000000","0.0012840000","0.0000000000","","Rejected","Substituted","10/27/2022 12:00 AM","1/1/1970 12:00 AM","0000000100","JCN Technologies (AN - Fulfillment FT)","","Berlin","CA","US","0000000100","2","ML3","Adapter SUN Monitor  HD15F/13W3M","0000000100","JCN Technologies (AN - Fulfillment FT)","","Berlin","CA","US","0000000100","50.00000","1/1/1970 12:00 AM","1,700.00000","1.0000000000","0.2500000000","10/27/2022 12:00 AM","432118","","","AD1513","(AD1513 sid496) Adapter SUN Monitor  HD15F/13W3M","Direct"
"PO44","PO44","ML4","7,219.15625","0.0000000000","0.0009600000","0.0000000000","","Rejected","Substituted","10/27/2022 12:00 AM","1/1/1970 12:00 AM","0000000100","JCN Technologies (AN - Fulfillment FT)","","Berlin","CA","US","0000000100","100001","ML4","Sales tax","0000000100","JCN Technologies (AN - Fulfillment FT)","","Berlin","CA","US","0000000100","0.00000","1/1/1970 12:00 AM","80.93750","1.0000000000","0.2500000000","10/27/2022 12:00 AM","432118","","","MON152 10","(MON152 10 sid496) Monitor HD15M/M","Direct"
"PO44","PO44","ML4","7,219.15625","0.0000000000","0.0009600000","0.0000000000","","Rejected","Substituted","10/27/2022 12:00 AM","1/1/1970 12:00 AM","0000000100","JCN Technologies (AN - Fulfillment FT)","","Berlin","CA","US","0000000100","1","ML4","Monitor HD15M/M","0000000100","JCN Technologies (AN - Fulfillment FT)","","Berlin","CA","US","0000000100","100.00000","1/1/1970 12:00 AM","1,295.00000","1.0000000000","0.2500000000","10/27/2022 12:00 AM","432118","","","MON152 10","(MON152 10 sid496) Monitor HD15M/M","Direct"
"PO44","PO44","ML4","7,219.15625","0.0000000000","0.0009600000","0.0000000000","","Rejected","Substituted","10/27/2022 12:00 AM","1/1/1970 12:00 AM","0000000100","JCN Technologies (AN - Fulfillment FT)","","Berlin","CA","US","0000000100","100002","ML4","Sales tax","0000000100","JCN Technologies (AN - Fulfillment FT)","","Berlin","CA","US","0000000100","0.00000","1/1/1970 12:00 AM","343.71875","1.0000000000","0.2500000000","10/27/2022 12:00 AM","432118","","","VGASP4","(VGASP4 sid496) Sales tax","Direct"
"PO44","PO44","ML4","7,219.15625","0.0000000000","0.0009600000","0.0000000000","","Rejected","Substituted","10/27/2022 12:00 AM","1/1/1970 12:00 AM","0000000100","JCN Technologies (AN - Fulfillment FT)","","Berlin","CA","US","0000000100","2","ML4","1 to 4 VGA Splitter/Booster HD15F x 5","0000000100","JCN Technologies (AN - Fulfillment FT)","","Berlin","CA","US","0000000100","50.00000","1/1/1970 12:00 AM","5,499.50000","1.0000000000","0.2500000000","10/27/2022 12:00 AM","432118","","","VGASP4","(VGASP4 sid496) Sales tax","Direct"
"PO45","PO45","ML5","1,482.18750","0.0000000000","0.0010870000","0.0000000000","Late","Rejected","Substituted","10/27/2022 12:00 AM","10/26/2022 12:00 AM","0000000100","JCN Technologies (AN - Fulfillment FT)","","Berlin","CA","US","0000000100","2","ML5","3 BNCs M/M Double Shielded","0000000100","JCN Technologies (AN - Fulfillment FT)","","Berlin","CA","US","0000000100","25.00000","10/26/2022 12:00 AM","1,000.00000","1.0000000000","0.2500000000","10/27/2022 12:00 AM","432118","","","MON3 6","(MON3 6 sid496) Sales tax","Direct"
"PO45","PO45","ML5","1,482.18750","0.0000000000","0.0010870000","0.0000000000","Late","Rejected","Substituted","10/27/2022 12:00 AM","10/26/2022 12:00 AM","0000000100","JCN Technologies (AN - Fulfillment FT)","","Berlin","CA","US","0000000100","100002","ML5","Sales tax","0000000100","JCN Technologies (AN - Fulfillment FT)","","Berlin","CA","US","0000000100","0.00000","10/26/2022 12:00 AM","62.50000","1.0000000000","0.2500000000","10/27/2022 12:00 AM","432118","","","MON3 6","(MON3 6 sid496) Sales tax","Direct"
"PO45","PO45","ML5","1,482.18750","0.0000000000","0.0010870000","0.0000000000","Late","Rejected","Substituted","10/27/2022 12:00 AM","10/26/2022 12:00 AM","0000000100","JCN Technologies (AN - Fulfillment FT)","","Berlin","CA","US","0000000100","1","ML5","Commodore Composite Video RCA M/M","0000000100","JCN Technologies (AN - Fulfillment FT)","","Berlin","CA","US","0000000100","100.00000","10/26/2022 12:00 AM","395.00000","1.0000000000","0.2500000000","10/27/2022 12:00 AM","432118","","","RCA1 6","(RCA1 6 sid496) Commodore Composite Video RCA M/M","Direct"
"PO45","PO45","ML5","1,482.18750","0.0000000000","0.0010870000","0.0000000000","Late","Rejected","Substituted","10/27/2022 12:00 AM","10/26/2022 12:00 AM","0000000100","JCN Technologies (AN - Fulfillment FT)","","Berlin","CA","US","0000000100","100001","ML5","Sales tax","0000000100","JCN Technologies (AN - Fulfillment FT)","","Berlin","CA","US","0000000100","0.00000","10/26/2022 12:00 AM","24.68750","1.0000000000","0.2500000000","10/27/2022 12:00 AM","432118","","","RCA1 6","(RCA1 6 sid496) Commodore Composite Video RCA M/M","Direct"
"PO46","PO46","ML6","5,950.00000","0.0000000000","0.0007520000","0.0000000000","Late","Rejected","Substituted","10/27/2022 12:00 AM","10/26/2022 12:00 AM","0000000100","JCN Technologies (AN - Fulfillment FT)","","Berlin","CA","US","0000000100","100002","ML6","Sales tax","0000000100","JCN Technologies (AN - Fulfillment FT)","","Berlin","CA","US","0000000100","0.00000","10/26/2022 12:00 AM","25.00000","1.0000000000","0.2500000000","10/27/2022 12:00 AM","432118","","","MON3 6","(MON3 6 sid496) Sales tax","Direct"
"PO46","PO46","ML6","5,950.00000","0.0000000000","0.0007520000","0.0000000000","Late","Rejected","Substituted","10/27/2022 12:00 AM","10/26/2022 12:00 AM","0000000100","JCN Technologies (AN - Fulfillment FT)","","Berlin","CA","US","0000000100","1","ML6","Sun Monitor DB13W3M/4 BNC","0000000100","JCN Technologies (AN - Fulfillment FT)","","Berlin","CA","US","0000000100","100.00000","10/26/2022 12:00 AM","5,200.00000","1.0000000000","0.2500000000","10/27/2022 12:00 AM","432118","","","MON134 6","(MON134 6 sid496) Sun Monitor DB13W3M/4 BNC","Direct"
"PO46","PO46","ML6","5,950.00000","0.0000000000","0.0007520000","0.0000000000","Late","Rejected","Substituted","10/27/2022 12:00 AM","10/26/2022 12:00 AM","0000000100","JCN Technologies (AN - Fulfillment FT)","","Berlin","CA","US","0000000100","2","ML6","3 BNCs M/M Double Shielded","0000000100","JCN Technologies (AN - Fulfillment FT)","","Berlin","CA","US","0000000100","10.00000","10/26/2022 12:00 AM","400.00000","1.0000000000","0.2500000000","10/27/2022 12:00 AM","432118","","","MON3 6","(MON3 6 sid496) Sales tax","Direct"
"PO46","PO46","ML6","5,950.00000","0.0000000000","0.0007520000","0.0000000000","Late","Rejected","Substituted","10/27/2022 12:00 AM","10/26/2022 12:00 AM","0000000100","JCN Technologies (AN - Fulfillment FT)","","Berlin","CA","US","0000000100","100001","ML6","Sales tax","0000000100","JCN Technologies (AN - Fulfillment FT)","","Berlin","CA","US","0000000100","0.00000","10/26/2022 12:00 AM","325.00000","1.0000000000","0.2500000000","10/27/2022 12:00 AM","432118","","","MON134 6","(MON134 6 sid496) Sun Monitor DB13W3M/4 BNC","Direct"
"PO47","PO47","ML7","12,107.18750","0.0000000000","0.0009600000","0.0000000000","Late","Rejected","Substituted","10/27/2022 12:00 AM","10/26/2022 12:00 AM","0000000100","JCN Technologies (AN - Fulfillment FT)","","Berlin","CA","US","0000000100","100001","ML7","Sales tax","0000000100","JCN Technologies (AN - Fulfillment FT)","","Berlin","CA","US","0000000100","0.00000","10/26/2022 12:00 AM","687.18750","1.0000000000","0.2500000000","10/27/2022 12:00 AM","432118","","","DSD1178","(DSD1178 sid496) Sales tax","Direct"
"PO47","PO47","ML7","12,107.18750","0.0000000000","0.0009600000","0.0000000000","Late","Rejected","Substituted","10/27/2022 12:00 AM","10/26/2022 12:00 AM","0000000100","JCN Technologies (AN - Fulfillment FT)","","Berlin","CA","US","0000000100","100002","ML7","Sales tax","0000000100","JCN Technologies (AN - Fulfillment FT)","","Berlin","CA","US","0000000100","0.00000","10/26/2022 12:00 AM","25.00000","1.0000000000","0.2500000000","10/27/2022 12:00 AM","432118","","","MON3 6","(MON3 6 sid496) Sales tax","Direct"
"PO47","PO47","ML7","12,107.18750","0.0000000000","0.0009600000","0.0000000000","Late","Rejected","Substituted","10/27/2022 12:00 AM","10/26/2022 12:00 AM","0000000100","JCN Technologies (AN - Fulfillment FT)","","Berlin","CA","US","0000000100","1","ML7","4 Port Expand View Video Splitter","0000000100","JCN Technologies (AN - Fulfillment FT)","","Berlin","CA","US","0000000100","100.00000","10/26/2022 12:00 AM","10,995.00000","1.0000000000","0.2500000000","10/27/2022 12:00 AM","432118","","","DSD1178","(DSD1178 sid496) Sales tax","Direct"
"PO47","PO47","ML7","12,107.18750","0.0000000000","0.0009600000","0.0000000000","Late","Rejected","Substituted","10/27/2022 12:00 AM","10/26/2022 12:00 AM","0000000100","JCN Technologies (AN - Fulfillment FT)","","Berlin","CA","US","0000000100","2","ML7","3 BNCs M/M Double Shielded","0000000100","JCN Technologies (AN - Fulfillment FT)","","Berlin","CA","US","0000000100","10.00000","10/26/2022 12:00 AM","400.00000","1.0000000000","0.2500000000","10/27/2022 12:00 AM","432118","","","MON3 6","(MON3 6 sid496) Sales tax","Direct"
"PO48","PO48","ML8","8,762.43750","0.0000000000","0.0006820000","0.0000000000","","Rejected","Substituted","10/27/2022 12:00 AM","1/1/1970 12:00 AM","0000000100","JCN Technologies (AN - Fulfillment FT)","","Berlin","CA","US","0000000100","100002","ML8","Sales tax","0000000100","JCN Technologies (AN - Fulfillment FT)","","Berlin","CA","US","0000000100","0.00000","1/1/1970 12:00 AM","468.71875","1.0000000000","0.2500000000","10/27/2022 12:00 AM","432118","","","VGASP8","(VGASP8 sid496) 1 to 8 VGA Splitter/Booster HD15F x 9","Direct"
"PO48","PO48","ML8","8,762.43750","0.0000000000","0.0006820000","0.0000000000","","Rejected","Substituted","10/27/2022 12:00 AM","1/1/1970 12:00 AM","0000000100","JCN Technologies (AN - Fulfillment FT)","","Berlin","CA","US","0000000100","2","ML8","1 to 8 VGA Splitter/Booster HD15F x 9","0000000100","JCN Technologies (AN - Fulfillment FT)","","Berlin","CA","US","0000000100","50.00000","1/1/1970 12:00 AM","7,499.50000","1.0000000000","0.2500000000","10/27/2022 12:00 AM","432118","","","VGASP8","(VGASP8 sid496) 1 to 8 VGA Splitter/Booster HD15F x 9","Direct"
"PO48","PO48","ML8","8,762.43750","0.0000000000","0.0006820000","0.0000000000","","Rejected","Substituted","10/27/2022 12:00 AM","1/1/1970 12:00 AM","0000000100","JCN Technologies (AN - Fulfillment FT)","","Berlin","CA","US","0000000100","100001","ML8","Sales tax","0000000100","JCN Technologies (AN - Fulfillment FT)","","Berlin","CA","US","0000000100","0.00000","1/1/1970 12:00 AM","46.71875","1.0000000000","0.2500000000","10/27/2022 12:00 AM","432118","","","MC15 10","(MC15 10 sid496) Mac Monitor DB15M/F Extension","Direct"
"PO48","PO48","ML8","8,762.43750","0.0000000000","0.0006820000","0.0000000000","","Rejected","Substituted","10/27/2022 12:00 AM","1/1/1970 12:00 AM","0000000100","JCN Technologies (AN - Fulfillment FT)","","Berlin","CA","US","0000000100","1","ML8","Mac Monitor DB15M/F Extension","0000000100","JCN Technologies (AN - Fulfillment FT)","","Berlin","CA","US","0000000100","50.00000","1/1/1970 12:00 AM","747.50000","1.0000000000","0.2500000000","10/27/2022 12:00 AM","432118","","","MC15 10","(MC15 10 sid496) Mac Monitor DB15M/F Extension","Direct"
"PO49","PO49","ML9","4,250.00000","0.0000000000","0.0008910000","0.0000000000","","Rejected","Substituted","10/27/2022 12:00 AM","1/1/1970 12:00 AM","0000000100","JCN Technologies (AN - Fulfillment FT)","","Berlin","CA","US","0000000100","1","ML9","3 BNCs M/M Double Shielded","0000000100","JCN Technologies (AN - Fulfillment FT)","","Berlin","CA","US","0000000100","100.00000","1/1/1970 12:00 AM","4,000.00000","1.0000000000","0.5000000000","10/27/2022 12:00 AM","432118","","","MON3 6","(MON3 6 sid496) Sales tax","Direct"
"PO49","PO49","ML9","4,250.00000","0.0000000000","0.0008910000","0.0000000000","","Rejected","Substituted","10/27/2022 12:00 AM","1/1/1970 12:00 AM","0000000100","JCN Technologies (AN - Fulfillment FT)","","Berlin","CA","US","0000000100","100001","ML9","Sales tax","0000000100","JCN Technologies (AN - Fulfillment FT)","","Berlin","CA","US","0000000100","0.00000","1/1/1970 12:00 AM","250.00000","1.0000000000","0.5000000000","10/27/2022 12:00 AM","432118","","","MON3 6","(MON3 6 sid496) Sales tax","Direct"
"PO50","PO50","M20","5,073.43750","0.0000000000","0.0018050000","0.0000000000","Late","Rejected","Substituted","10/27/2022 12:00 AM","10/27/2022 12:00 AM","SUPPLIERRPC06","","","","","","SUPPLIERRPC06","1","M20","RPC-06-Dictionary-05","SUPPLIERRPC06","","","","","","SUPPLIERRPC06","50.00000","10/27/2022 12:00 AM","4,775.00000","1.0000000000","0.5000000000","10/27/2022 12:00 AM","432118","","","RPC-FFFF05","(RPC-FFFF05 sid889) RPC-06-Dictionary-05","Direct"
"PO50","PO50","M20","5,073.43750","0.0000000000","0.0018050000","0.0000000000","Late","Rejected","Substituted","10/27/2022 12:00 AM","10/27/2022 12:00 AM","SUPPLIERRPC06","","","","","","SUPPLIERRPC06","100001","M20","Sales tax","SUPPLIERRPC06","","","","","","SUPPLIERRPC06","0.00000","10/27/2022 12:00 AM","298.43750","1.0000000000","0.5000000000","10/27/2022 12:00 AM","432118","","","RPC-FFFF05","(RPC-FFFF05 sid889) RPC-06-Dictionary-05","Direct"
"PO51","PO51","ML21","3,393.62500","0.0000000000","0.0005900000","0.0000000000","Late","Rejected","Substituted","10/27/2022 12:00 AM","10/27/2022 12:00 AM","SUPPLIERRPC06","","","","","","SUPPLIERRPC06","1","ML21","RPC-06-Dictionary-01","SUPPLIERRPC06","","","","","","SUPPLIERRPC06","100.00000","10/27/2022 12:00 AM","697.00000","1.0000000000","0.2500000000","10/27/2022 12:00 AM","432118","","","RPC-FFFF01","(RPC-FFFF01 sid889) Sales tax","Direct"
"PO51","PO51","ML21","3,393.62500","0.0000000000","0.0005900000","0.0000000000","Late","Rejected","Substituted","10/27/2022 12:00 AM","10/27/2022 12:00 AM","SUPPLIERRPC06","","","","","","SUPPLIERRPC06","100002","ML21","Sales tax","SUPPLIERRPC06","","","","","","SUPPLIERRPC06","0.00000","10/27/2022 12:00 AM","156.06250","1.0000000000","0.2500000000","10/27/2022 12:00 AM","432118","","","RPC-FFFF02","(RPC-FFFF02 sid889) Sales tax","Direct"
"PO51","PO51","ML21","3,393.62500","0.0000000000","0.0005900000","0.0000000000","Late","Rejected","Substituted","10/27/2022 12:00 AM","10/27/2022 12:00 AM","SUPPLIERRPC06","","","","","","SUPPLIERRPC06","2","ML21","RPC-06-Dictionary-02","SUPPLIERRPC06","","","","","","SUPPLIERRPC06","100.00000","10/27/2022 12:00 AM","2,497.00000","1.0000000000","0.2500000000","10/27/2022 12:00 AM","432118","","","RPC-FFFF02","(RPC-FFFF02 sid889) Sales tax","Direct"
"PO51","PO51","ML21","3,393.62500","0.0000000000","0.0005900000","0.0000000000","Late","Rejected","Substituted","10/27/2022 12:00 AM","10/27/2022 12:00 AM","SUPPLIERRPC06","","","","","","SUPPLIERRPC06","100001","ML21","Sales tax","SUPPLIERRPC06","","","","","","SUPPLIERRPC06","0.00000","10/27/2022 12:00 AM","43.56250","1.0000000000","0.2500000000","10/27/2022 12:00 AM","432118","","","RPC-FFFF01","(RPC-FFFF01 sid889) Sales tax","Direct"
"PO52","PO52","ML22","11,012.60000","0.0000000000","0.0012150000","0.0000000000","Late","Rejected","Substituted","10/27/2022 12:00 AM","10/27/2022 12:00 AM","SUPPLIERRPC06","","","","","","SUPPLIERRPC06","100002","ML22","Sales tax","SUPPLIERRPC06","","","","","","SUPPLIERRPC06","0.00000","10/27/2022 12:00 AM","507.34375","1.0000000000","0.2500000000","10/27/2022 12:00 AM","432118","","","RPC-FFFF05","(RPC-FFFF05 sid889) RPC-06-Dictionary-05","Direct"
"PO52","PO52","ML22","11,012.60000","0.0000000000","0.0012150000","0.0000000000","Late","Rejected","Substituted","10/27/2022 12:00 AM","10/27/2022 12:00 AM","SUPPLIERRPC06","","","","","","SUPPLIERRPC06","1","ML22","RPC-06-Dictionary-02","SUPPLIERRPC06","","","","","","SUPPLIERRPC06","90.00000","10/27/2022 12:00 AM","2,247.30000","1.0000000000","0.2500000000","10/27/2022 12:00 AM","432118","","","RPC-FFFF02","(RPC-FFFF02 sid889) Sales tax","Direct"
"PO52","PO52","ML22","11,012.60000","0.0000000000","0.0012150000","0.0000000000","Late","Rejected","Substituted","10/27/2022 12:00 AM","10/27/2022 12:00 AM","SUPPLIERRPC06","","","","","","SUPPLIERRPC06","2","ML22","RPC-06-Dictionary-05","SUPPLIERRPC06","","","","","","SUPPLIERRPC06","85.00000","10/27/2022 12:00 AM","8,117.50000","1.0000000000","0.2500000000","10/27/2022 12:00 AM","432118","","","RPC-FFFF05","(RPC-FFFF05 sid889) RPC-06-Dictionary-05","Direct"
"PO52","PO52","ML22","11,012.60000","0.0000000000","0.0012150000","0.0000000000","Late","Rejected","Substituted","10/27/2022 12:00 AM","10/27/2022 12:00 AM","SUPPLIERRPC06","","","","","","SUPPLIERRPC06","100001","ML22","Sales tax","SUPPLIERRPC06","","","","","","SUPPLIERRPC06","0.00000","10/27/2022 12:00 AM","140.45625","1.0000000000","0.2500000000","10/27/2022 12:00 AM","432118","","","RPC-FFFF02","(RPC-FFFF02 sid889) Sales tax","Direct"
"PO53","PO53","Ml24","3,363.82188","0.0000000000","0.0011450000","0.0000000000","Late","Rejected","Substituted","10/27/2022 12:00 AM","10/27/2022 12:00 AM","SUPPLIERRPC06","","","","","","SUPPLIERRPC06","2","Ml24","RPC-06-Dictionary-05","SUPPLIERRPC06","","","","","","SUPPLIERRPC06","24.00000","10/27/2022 12:00 AM","2,292.00000","1.0000000000","0.2500000000","10/27/2022 12:00 AM","432118","","","RPC-FFFF05","(RPC-FFFF05 sid889) RPC-06-Dictionary-05","Direct"
"PO53","PO53","Ml24","3,363.82188","0.0000000000","0.0011450000","0.0000000000","Late","Rejected","Substituted","10/27/2022 12:00 AM","10/27/2022 12:00 AM","SUPPLIERRPC06","","","","","","SUPPLIERRPC06","100001","Ml24","Sales tax","SUPPLIERRPC06","","","","","","SUPPLIERRPC06","0.00000","10/27/2022 12:00 AM","54.62188","1.0000000000","0.2500000000","10/27/2022 12:00 AM","432118","","","RPC-FFFF02","(RPC-FFFF02 sid889) Sales tax","Direct"
"PO53","PO53","Ml24","3,363.82188","0.0000000000","0.0011450000","0.0000000000","Late","Rejected","Substituted","10/27/2022 12:00 AM","10/27/2022 12:00 AM","SUPPLIERRPC06","","","","","","SUPPLIERRPC06","100002","Ml24","Sales tax","SUPPLIERRPC06","","","","","","SUPPLIERRPC06","0.00000","10/27/2022 12:00 AM","143.25000","1.0000000000","0.2500000000","10/27/2022 12:00 AM","432118","","","RPC-FFFF05","(RPC-FFFF05 sid889) RPC-06-Dictionary-05","Direct"
"PO53","PO53","Ml24","3,363.82188","0.0000000000","0.0011450000","0.0000000000","Late","Rejected","Substituted","10/27/2022 12:00 AM","10/27/2022 12:00 AM","SUPPLIERRPC06","","","","","","SUPPLIERRPC06","1","Ml24","RPC-06-Dictionary-02","SUPPLIERRPC06","","","","","","SUPPLIERRPC06","35.00000","10/27/2022 12:00 AM","873.95000","1.0000000000","0.2500000000","10/27/2022 12:00 AM","432118","","","RPC-FFFF02","(RPC-FFFF02 sid889) Sales tax","Direct"
"PO54","PO54","ML25","3,052.50938","0.0000000000","0.0013190000","0.0000000000","","Rejected","Substituted","10/27/2022 12:00 AM","1/1/1970 12:00 AM","SUPPLIERRPC06","","","","","","SUPPLIERRPC06","2","ML25","RPC-06-Dictionary-01","SUPPLIERRPC06","","","","","","SUPPLIERRPC06","45.00000","1/1/1970 12:00 AM","313.65000","1.0000000000","0.2500000000","10/27/2022 12:00 AM","432118","","","RPC-FFFF01","(RPC-FFFF01 sid889) Sales tax","Direct"
"PO54","PO54","ML25","3,052.50938","0.0000000000","0.0013190000","0.0000000000","","Rejected","Substituted","10/27/2022 12:00 AM","1/1/1970 12:00 AM","SUPPLIERRPC06","","","","","","SUPPLIERRPC06","100002","ML25","Sales tax","SUPPLIERRPC06","","","","","","SUPPLIERRPC06","0.00000","1/1/1970 12:00 AM","19.60313","1.0000000000","0.2500000000","10/27/2022 12:00 AM","432118","","","RPC-FFFF01","(RPC-FFFF01 sid889) Sales tax","Direct"
"PO54","PO54","ML25","3,052.50938","0.0000000000","0.0013190000","0.0000000000","","Rejected","Substituted","10/27/2022 12:00 AM","1/1/1970 12:00 AM","SUPPLIERRPC06","","","","","","SUPPLIERRPC06","1","ML25","RPC-06-Dictionary-03","SUPPLIERRPC06","","","","","","SUPPLIERRPC06","190.00000","1/1/1970 12:00 AM","2,559.30000","1.0000000000","0.2500000000","10/27/2022 12:00 AM","432118","","","RPC-FFFF03","(RPC-FFFF03 sid889) RPC-06-Dictionary-03","Direct"
"PO54","PO54","ML25","3,052.50938","0.0000000000","0.0013190000","0.0000000000","","Rejected","Substituted","10/27/2022 12:00 AM","1/1/1970 12:00 AM","SUPPLIERRPC06","","","","","","SUPPLIERRPC06","100001","ML25","Sales tax","SUPPLIERRPC06","","","","","","SUPPLIERRPC06","0.00000","1/1/1970 12:00 AM","159.95625","1.0000000000","0.2500000000","10/27/2022 12:00 AM","432118","","","RPC-FFFF03","(RPC-FFFF03 sid889) RPC-06-Dictionary-03","Direct"
"PO55","PO55","PO55","6,267.31563","0.0000000000","0.0021750000","0.0000000000","Late","Rejected","Substituted","11/1/2022 12:00 AM","11/1/2022 12:00 AM","SUPPLIERRPC06","","","","","","SUPPLIERRPC06","100002","PO55","Sales tax","SUPPLIERRPC06","","","","","","SUPPLIERRPC06","0.00000","11/1/2022 12:00 AM","298.43750","1.0000000000","0.2500000000","11/1/2022 12:00 AM","432118","","","RPC-FFFF05","(RPC-FFFF05 sid889) RPC-06-Dictionary-05","Direct"
"PO55","PO55","PO55","6,267.31563","0.0000000000","0.0021750000","0.0000000000","Late","Rejected","Substituted","11/1/2022 12:00 AM","11/1/2022 12:00 AM","SUPPLIERRPC06","","","","","","SUPPLIERRPC06","1","PO55","RPC-06-Dictionary-02","SUPPLIERRPC06","","","","","","SUPPLIERRPC06","45.00000","11/1/2022 12:00 AM","1,123.65000","1.0000000000","0.2500000000","11/1/2022 12:00 AM","432118","","","RPC-FFFF02","(RPC-FFFF02 sid889) Sales tax","Direct"
"PO55","PO55","PO55","6,267.31563","0.0000000000","0.0021750000","0.0000000000","Late","Rejected","Substituted","11/1/2022 12:00 AM","11/1/2022 12:00 AM","SUPPLIERRPC06","","","","","","SUPPLIERRPC06","100001","PO55","Sales tax","SUPPLIERRPC06","","","","","","SUPPLIERRPC06","0.00000","11/1/2022 12:00 AM","70.22813","1.0000000000","0.2500000000","11/1/2022 12:00 AM","432118","","","RPC-FFFF02","(RPC-FFFF02 sid889) Sales tax","Direct"
"PO55","PO55","PO55","6,267.31563","0.0000000000","0.0021750000","0.0000000000","Late","Rejected","Substituted","11/1/2022 12:00 AM","11/1/2022 12:00 AM","SUPPLIERRPC06","","","","","","SUPPLIERRPC06","2","PO55","RPC-06-Dictionary-05","SUPPLIERRPC06","","","","","","SUPPLIERRPC06","50.00000","11/1/2022 12:00 AM","4,775.00000","1.0000000000","0.2500000000","11/1/2022 12:00 AM","432118","","","RPC-FFFF05","(RPC-FFFF05 sid889) RPC-06-Dictionary-05","Direct"
"PO56","PO56","Ml27","1,325.52188","0.0000000000","0.0011920000","0.0000000000","Late","Rejected","Substituted","11/1/2022 12:00 AM","11/1/2022 12:00 AM","SUPPLIERRPC06","","","","","","SUPPLIERRPC06","100002","Ml27","Sales tax","SUPPLIERRPC06","","","","","","SUPPLIERRPC06","0.00000","11/1/2022 12:00 AM","12.62813","1.0000000000","0.2500000000","11/1/2022 12:00 AM","432118","","","RPC-FFFF03","(RPC-FFFF03 sid889) RPC-06-Dictionary-03","Direct"
"PO56","PO56","Ml27","1,325.52188","0.0000000000","0.0011920000","0.0000000000","Late","Rejected","Substituted","11/1/2022 12:00 AM","11/1/2022 12:00 AM","SUPPLIERRPC06","","","","","","SUPPLIERRPC06","1","Ml27","RPC-06-Dictionary-01","SUPPLIERRPC06","","","","","","SUPPLIERRPC06","150.00000","11/1/2022 12:00 AM","1,045.50000","1.0000000000","0.2500000000","11/1/2022 12:00 AM","432118","","","RPC-FFFF01","(RPC-FFFF01 sid889) Sales tax","Direct"
"PO56","PO56","Ml27","1,325.52188","0.0000000000","0.0011920000","0.0000000000","Late","Rejected","Substituted","11/1/2022 12:00 AM","11/1/2022 12:00 AM","SUPPLIERRPC06","","","","","","SUPPLIERRPC06","100001","Ml27","Sales tax","SUPPLIERRPC06","","","","","","SUPPLIERRPC06","0.00000","11/1/2022 12:00 AM","65.34375","1.0000000000","0.2500000000","11/1/2022 12:00 AM","432118","","","RPC-FFFF01","(RPC-FFFF01 sid889) Sales tax","Direct"
"PO56","PO56","Ml27","1,325.52188","0.0000000000","0.0011920000","0.0000000000","Late","Rejected","Substituted","11/1/2022 12:00 AM","11/1/2022 12:00 AM","SUPPLIERRPC06","","","","","","SUPPLIERRPC06","2","Ml27","RPC-06-Dictionary-03","SUPPLIERRPC06","","","","","","SUPPLIERRPC06","15.00000","11/1/2022 12:00 AM","202.05000","1.0000000000","0.2500000000","11/1/2022 12:00 AM","432118","","","RPC-FFFF03","(RPC-FFFF03 sid889) RPC-06-Dictionary-03","Direct"
"PO57","PO57","ML28","1,793.95688","0.0000000000","0.0014460000","0.0000000000","Late","Rejected","Substituted","11/1/2022 12:00 AM","11/1/2022 12:00 AM","SUPPLIERRPC06","","","","","","SUPPLIERRPC06","2","ML28","RPC-06-Dictionary-03","SUPPLIERRPC06","","","","","","SUPPLIERRPC06","19.00000","11/1/2022 12:00 AM","255.93000","1.0000000000","0.2500000000","11/1/2022 12:00 AM","432118","","","RPC-FFFF03","(RPC-FFFF03 sid889) RPC-06-Dictionary-03","Direct"
"PO57","PO57","ML28","1,793.95688","0.0000000000","0.0014460000","0.0000000000","Late","Rejected","Substituted","11/1/2022 12:00 AM","11/1/2022 12:00 AM","SUPPLIERRPC06","","","","","","SUPPLIERRPC06","1","ML28","RPC-06-Dictionary-05","SUPPLIERRPC06","","","","","","SUPPLIERRPC06","15.00000","11/1/2022 12:00 AM","1,432.50000","1.0000000000","0.2500000000","11/1/2022 12:00 AM","432118","","","RPC-FFFF05","(RPC-FFFF05 sid889) RPC-06-Dictionary-05","Direct"
"PO57","PO57","ML28","1,793.95688","0.0000000000","0.0014460000","0.0000000000","Late","Rejected","Substituted","11/1/2022 12:00 AM","11/1/2022 12:00 AM","SUPPLIERRPC06","","","","","","SUPPLIERRPC06","100001","ML28","Sales tax","SUPPLIERRPC06","","","","","","SUPPLIERRPC06","0.00000","11/1/2022 12:00 AM","89.53125","1.0000000000","0.2500000000","11/1/2022 12:00 AM","432118","","","RPC-FFFF05","(RPC-FFFF05 sid889) RPC-06-Dictionary-05","Direct"
"PO57","PO57","ML28","1,793.95688","0.0000000000","0.0014460000","0.0000000000","Late","Rejected","Substituted","11/1/2022 12:00 AM","11/1/2022 12:00 AM","SUPPLIERRPC06","","","","","","SUPPLIERRPC06","100002","ML28","Sales tax","SUPPLIERRPC06","","","","","","SUPPLIERRPC06","0.00000","11/1/2022 12:00 AM","15.99563","1.0000000000","0.2500000000","11/1/2022 12:00 AM","432118","","","RPC-FFFF03","(RPC-FFFF03 sid889) RPC-06-Dictionary-03","Direct"
"PO58","PO58","ML29","1,602.93000","0.0000000000","0.0015160000","0.0000000000","Late","Rejected","Substituted","11/1/2022 12:00 AM","11/1/2022 12:00 AM","SUPPLIERRPC06","","","","","","SUPPLIERRPC06","2","ML29","RPC-06-Dictionary-03","SUPPLIERRPC06","","","","","","SUPPLIERRPC06","17.00000","11/1/2022 12:00 AM","228.99000","1.0000000000","0.2500000000","11/1/2022 12:00 AM","432118","","","RPC-FFFF03","(RPC-FFFF03 sid889) RPC-06-Dictionary-03","Direct"
"PO58","PO58","ML29","1,602.93000","0.0000000000","0.0015160000","0.0000000000","Late","Rejected","Substituted","11/1/2022 12:00 AM","11/1/2022 12:00 AM","SUPPLIERRPC06","","","","","","SUPPLIERRPC06","1","ML29","RPC-06-Dictionary-03","SUPPLIERRPC06","","","","","","SUPPLIERRPC06","95.00000","11/1/2022 12:00 AM","1,279.65000","1.0000000000","0.2500000000","11/1/2022 12:00 AM","432118","","","RPC-FFFF03","(RPC-FFFF03 sid889) RPC-06-Dictionary-03","Direct"
"PO58","PO58","ML29","1,602.93000","0.0000000000","0.0015160000","0.0000000000","Late","Rejected","Substituted","11/1/2022 12:00 AM","11/1/2022 12:00 AM","SUPPLIERRPC06","","","","","","SUPPLIERRPC06","100002","ML29","Sales tax","SUPPLIERRPC06","","","","","","SUPPLIERRPC06","0.00000","11/1/2022 12:00 AM","14.31188","1.0000000000","0.2500000000","11/1/2022 12:00 AM","432118","","","RPC-FFFF03","(RPC-FFFF03 sid889) RPC-06-Dictionary-03","Direct"
"PO58","PO58","ML29","1,602.93000","0.0000000000","0.0015160000","0.0000000000","Late","Rejected","Substituted","11/1/2022 12:00 AM","11/1/2022 12:00 AM","SUPPLIERRPC06","","","","","","SUPPLIERRPC06","100001","ML29","Sales tax","SUPPLIERRPC06","","","","","","SUPPLIERRPC06","0.00000","11/1/2022 12:00 AM","79.97813","1.0000000000","0.2500000000","11/1/2022 12:00 AM","432118","","","RPC-FFFF03","(RPC-FFFF03 sid889) RPC-06-Dictionary-03","Direct"
"PO59","PO59","Ml30","7,527.81250","0.0000000000","0.0009020000","0.0000000000","Late","Rejected","Substituted","11/1/2022 12:00 AM","11/1/2022 12:00 AM","SUPPLIERRPC06","","","","","","SUPPLIERRPC06","2","Ml30","RPC-06-Dictionary-02","SUPPLIERRPC06","","","","","","SUPPLIERRPC06","200.00000","11/1/2022 12:00 AM","4,994.00000","1.0000000000","0.2500000000","11/1/2022 12:00 AM","432118","","","RPC-FFFF02","(RPC-FFFF02 sid889) Sales tax","Direct"
"PO59","PO59","Ml30","7,527.81250","0.0000000000","0.0009020000","0.0000000000","Late","Rejected","Substituted","11/1/2022 12:00 AM","11/1/2022 12:00 AM","SUPPLIERRPC06","","","","","","SUPPLIERRPC06","1","Ml30","RPC-06-Dictionary-01","SUPPLIERRPC06","","","","","","SUPPLIERRPC06","300.00000","11/1/2022 12:00 AM","2,091.00000","1.0000000000","0.2500000000","11/1/2022 12:00 AM","432118","","","RPC-FFFF01","(RPC-FFFF01 sid889) Sales tax","Direct"
"PO59","PO59","Ml30","7,527.81250","0.0000000000","0.0009020000","0.0000000000","Late","Rejected","Substituted","11/1/2022 12:00 AM","11/1/2022 12:00 AM","SUPPLIERRPC06","","","","","","SUPPLIERRPC06","100002","Ml30","Sales tax","SUPPLIERRPC06","","","","","","SUPPLIERRPC06","0.00000","11/1/2022 12:00 AM","312.12500","1.0000000000","0.2500000000","11/1/2022 12:00 AM","432118","","","RPC-FFFF02","(RPC-FFFF02 sid889) Sales tax","Direct"
"PO59","PO59","Ml30","7,527.81250","0.0000000000","0.0009020000","0.0000000000","Late","Rejected","Substituted","11/1/2022 12:00 AM","11/1/2022 12:00 AM","SUPPLIERRPC06","","","","","","SUPPLIERRPC06","100001","Ml30","Sales tax","SUPPLIERRPC06","","","","","","SUPPLIERRPC06","0.00000","11/1/2022 12:00 AM","130.68750","1.0000000000","0.2500000000","11/1/2022 12:00 AM","432118","","","RPC-FFFF01","(RPC-FFFF01 sid889) Sales tax","Direct"
"PO60","PO60","ML40","17,571.62500","0.0000000000","0.0011450000","0.0000000000","Late","Rejected","Substituted","11/1/2022 12:00 AM","11/1/2022 12:00 AM","SUPPLIERRPC05","","","","","","SUPPLIERRPC05","2","ML40","RPC-05-Eureka-05","SUPPLIERRPC05","","","","","","SUPPLIERRPC05","100.00000","11/1/2022 12:00 AM","11,550.00000","1.0000000000","0.2500000000","11/1/2022 12:00 AM","432118","","","RPC-EEEE05","(RPC-EEEE05 sid888) RPC-05-Eureka-05","Direct"
"PO60","PO60","ML40","17,571.62500","0.0000000000","0.0011450000","0.0000000000","Late","Rejected","Substituted","11/1/2022 12:00 AM","11/1/2022 12:00 AM","SUPPLIERRPC05","","","","","","SUPPLIERRPC05","100001","ML40","Sales tax","SUPPLIERRPC05","","","","","","SUPPLIERRPC05","0.00000","11/1/2022 12:00 AM","311.75000","1.0000000000","0.2500000000","11/1/2022 12:00 AM","432118","","","RPC-EEEE04","(RPC-EEEE04 sid888) Sales tax","Direct"
"PO60","PO60","ML40","17,571.62500","0.0000000000","0.0011450000","0.0000000000","Late","Rejected","Substituted","11/1/2022 12:00 AM","11/1/2022 12:00 AM","SUPPLIERRPC05","","","","","","SUPPLIERRPC05","1","ML40","RPC-05-Eureka-04","SUPPLIERRPC05","","","","","","SUPPLIERRPC05","400.00000","11/1/2022 12:00 AM","4,988.00000","1.0000000000","0.2500000000","11/1/2022 12:00 AM","432118","","","RPC-EEEE04","(RPC-EEEE04 sid888) Sales tax","Direct"
"PO60","PO60","ML40","17,571.62500","0.0000000000","0.0011450000","0.0000000000","Late","Rejected","Substituted","11/1/2022 12:00 AM","11/1/2022 12:00 AM","SUPPLIERRPC05","","","","","","SUPPLIERRPC05","100002","ML40","Sales tax","SUPPLIERRPC05","","","","","","SUPPLIERRPC05","0.00000","11/1/2022 12:00 AM","721.87500","1.0000000000","0.2500000000","11/1/2022 12:00 AM","432118","","","RPC-EEEE05","(RPC-EEEE05 sid888) RPC-05-Eureka-05","Direct"
"PO61","PO61","ML41","10,743.70250","0.0000000000","0.0011570000","0.0000000000","Late","Rejected","Substituted","11/1/2022 12:00 AM","11/1/2022 12:00 AM","SUPPLIERRPC05","","","","","","SUPPLIERRPC05","100001","ML41","Sales tax","SUPPLIERRPC05","","","","","","SUPPLIERRPC05","0.00000","11/1/2022 12:00 AM","577.50000","1.0000000000","0.2500000000","11/1/2022 12:00 AM","432118","","","RPC-EEEE05","(RPC-EEEE05 sid888) RPC-05-Eureka-05","Direct"
"PO61","PO61","ML41","10,743.70250","0.0000000000","0.0011570000","0.0000000000","Late","Rejected","Substituted","11/1/2022 12:00 AM","11/1/2022 12:00 AM","SUPPLIERRPC05","","","","","","SUPPLIERRPC05","100002","ML41","Sales tax","SUPPLIERRPC05","","","","","","SUPPLIERRPC05","0.00000","11/1/2022 12:00 AM","54.48250","1.0000000000","0.2500000000","11/1/2022 12:00 AM","432118","","","RPC-EEEE03","(RPC-EEEE03 sid888) Sales tax","Direct"
"PO61","PO61","ML41","10,743.70250","0.0000000000","0.0011570000","0.0000000000","Late","Rejected","Substituted","11/1/2022 12:00 AM","11/1/2022 12:00 AM","SUPPLIERRPC05","","","","","","SUPPLIERRPC05","1","ML41","RPC-05-Eureka-05","SUPPLIERRPC05","","","","","","SUPPLIERRPC05","80.00000","11/1/2022 12:00 AM","9,240.00000","1.0000000000","0.2500000000","11/1/2022 12:00 AM","432118","","","RPC-EEEE05","(RPC-EEEE05 sid888) RPC-05-Eureka-05","Direct"
"PO61","PO61","ML41","10,743.70250","0.0000000000","0.0011570000","0.0000000000","Late","Rejected","Substituted","11/1/2022 12:00 AM","11/1/2022 12:00 AM","SUPPLIERRPC05","","","","","","SUPPLIERRPC05","2","ML41","RPC-05-Eureka-03","SUPPLIERRPC05","","","","","","SUPPLIERRPC05","76.00000","11/1/2022 12:00 AM","871.72000","1.0000000000","0.2500000000","11/1/2022 12:00 AM","432118","","","RPC-EEEE03","(RPC-EEEE03 sid888) Sales tax","Direct"
"PO62","PO62","Ml42","21,366.34375","0.0000000000","0.0016780000","0.0000000000","Late","Rejected","Substituted","11/1/2022 12:00 AM","11/1/2022 12:00 AM","SUPPLIERRPC05","","","","","","SUPPLIERRPC05","100001","Ml42","Sales tax","SUPPLIERRPC05","","","","","","SUPPLIERRPC05","0.00000","11/1/2022 12:00 AM","308.34375","1.0000000000","0.2500000000","11/1/2022 12:00 AM","432118","","","RPC-EEEE01","(RPC-EEEE01 sid888) RPC-05-Eureka-01","Direct"
"PO62","PO62","Ml42","21,366.34375","0.0000000000","0.0016780000","0.0000000000","Late","Rejected","Substituted","11/1/2022 12:00 AM","11/1/2022 12:00 AM","SUPPLIERRPC05","","","","","","SUPPLIERRPC05","2","Ml42","RPC-05-Eureka-02","SUPPLIERRPC05","","","","","","SUPPLIERRPC05","800.00000","11/1/2022 12:00 AM","15,176.00000","1.0000000000","0.2500000000","11/1/2022 12:00 AM","432118","","","RPC-EEEE02","(RPC-EEEE02 sid888) RPC-05-Eureka-02","Direct"
"PO62","PO62","Ml42","21,366.34375","0.0000000000","0.0016780000","0.0000000000","Late","Rejected","Substituted","11/1/2022 12:00 AM","11/1/2022 12:00 AM","SUPPLIERRPC05","","","","","","SUPPLIERRPC05","1","Ml42","RPC-05-Eureka-01","SUPPLIERRPC05","","","","","","SUPPLIERRPC05","550.00000","11/1/2022 12:00 AM","4,933.50000","1.0000000000","0.2500000000","11/1/2022 12:00 AM","432118","","","RPC-EEEE01","(RPC-EEEE01 sid888) RPC-05-Eureka-01","Direct"
"PO62","PO62","Ml42","21,366.34375","0.0000000000","0.0016780000","0.0000000000","Late","Rejected","Substituted","11/1/2022 12:00 AM","11/1/2022 12:00 AM","SUPPLIERRPC05","","","","","","SUPPLIERRPC05","100002","Ml42","Sales tax","SUPPLIERRPC05","","","","","","SUPPLIERRPC05","0.00000","11/1/2022 12:00 AM","948.50000","1.0000000000","0.2500000000","11/1/2022 12:00 AM","432118","","","RPC-EEEE02","(RPC-EEEE02 sid888) RPC-05-Eureka-02","Direct"
"PO63","PO63","ML44","1,317.60625","0.0000000000","0.0018280000","0.0000000000","Late","Rejected","Substituted","11/1/2022 12:00 AM","11/1/2022 12:00 AM","SUPPLIERRPC05","","","","","","SUPPLIERRPC05","100002","ML44","Sales tax","SUPPLIERRPC05","","","","","","SUPPLIERRPC05","0.00000","11/1/2022 12:00 AM","26.52438","1.0000000000","0.2500000000","11/1/2022 12:00 AM","432118","","","RPC-EEEE03","(RPC-EEEE03 sid888) Sales tax","Direct"
"PO63","PO63","ML44","1,317.60625","0.0000000000","0.0018280000","0.0000000000","Late","Rejected","Substituted","11/1/2022 12:00 AM","11/1/2022 12:00 AM","SUPPLIERRPC05","","","","","","SUPPLIERRPC05","2","ML44","RPC-05-Eureka-03","SUPPLIERRPC05","","","","","","SUPPLIERRPC05","37.00000","11/1/2022 12:00 AM","424.39000","1.0000000000","0.2500000000","11/1/2022 12:00 AM","432118","","","RPC-EEEE03","(RPC-EEEE03 sid888) Sales tax","Direct"
"PO63","PO63","ML44","1,317.60625","0.0000000000","0.0018280000","0.0000000000","Late","Rejected","Substituted","11/1/2022 12:00 AM","11/1/2022 12:00 AM","SUPPLIERRPC05","","","","","","SUPPLIERRPC05","100001","ML44","Sales tax","SUPPLIERRPC05","","","","","","SUPPLIERRPC05","0.00000","11/1/2022 12:00 AM","50.98188","1.0000000000","0.2500000000","11/1/2022 12:00 AM","432118","","","RPC-EEEE02","(RPC-EEEE02 sid888) RPC-05-Eureka-02","Direct"
"PO63","PO63","ML44","1,317.60625","0.0000000000","0.0018280000","0.0000000000","Late","Rejected","Substituted","11/1/2022 12:00 AM","11/1/2022 12:00 AM","SUPPLIERRPC05","","","","","","SUPPLIERRPC05","1","ML44","RPC-05-Eureka-02","SUPPLIERRPC05","","","","","","SUPPLIERRPC05","43.00000","11/1/2022 12:00 AM","815.71000","1.0000000000","0.2500000000","11/1/2022 12:00 AM","432118","","","RPC-EEEE02","(RPC-EEEE02 sid888) RPC-05-Eureka-02","Direct"
"PO64","PO64","ML45","1,342.89375","0.0000000000","0.0010760000","0.0000000000","Late","Rejected","Substituted","11/1/2022 12:00 AM","11/1/2022 12:00 AM","SUPPLIERRPC05","","","","","","SUPPLIERRPC05","2","ML45","RPC-05-Eureka-03","SUPPLIERRPC05","","","","","","SUPPLIERRPC05","75.00000","11/1/2022 12:00 AM","860.25000","1.0000000000","0.2500000000","11/1/2022 12:00 AM","432118","","","RPC-EEEE03","(RPC-EEEE03 sid888) Sales tax","Direct"
"PO64","PO64","ML45","1,342.89375","0.0000000000","0.0010760000","0.0000000000","Late","Rejected","Substituted","11/1/2022 12:00 AM","11/1/2022 12:00 AM","SUPPLIERRPC05","","","","","","SUPPLIERRPC05","100001","ML45","Sales tax","SUPPLIERRPC05","","","","","","SUPPLIERRPC05","0.00000","11/1/2022 12:00 AM","25.22813","1.0000000000","0.2500000000","11/1/2022 12:00 AM","432118","","","RPC-EEEE01","(RPC-EEEE01 sid888) RPC-05-Eureka-01","Direct"
"PO64","PO64","ML45","1,342.89375","0.0000000000","0.0010760000","0.0000000000","Late","Rejected","Substituted","11/1/2022 12:00 AM","11/1/2022 12:00 AM","SUPPLIERRPC05","","","","","","SUPPLIERRPC05","1","ML45","RPC-05-Eureka-01","SUPPLIERRPC05","","","","","","SUPPLIERRPC05","45.00000","11/1/2022 12:00 AM","403.65000","1.0000000000","0.2500000000","11/1/2022 12:00 AM","432118","","","RPC-EEEE01","(RPC-EEEE01 sid888) RPC-05-Eureka-01","Direct"
"PO64","PO64","ML45","1,342.89375","0.0000000000","0.0010760000","0.0000000000","Late","Rejected","Substituted","11/1/2022 12:00 AM","11/1/2022 12:00 AM","SUPPLIERRPC05","","","","","","SUPPLIERRPC05","100002","ML45","Sales tax","SUPPLIERRPC05","","","","","","SUPPLIERRPC05","0.00000","11/1/2022 12:00 AM","53.76563","1.0000000000","0.2500000000","11/1/2022 12:00 AM","432118","","","RPC-EEEE03","(RPC-EEEE03 sid888) Sales tax","Direct"
"PO65","PO65","Ml45","642.28125","0.0000000000","0.0006590000","0.0000000000","Late","Rejected","Substituted","11/1/2022 12:00 AM","11/1/2022 12:00 AM","SUPPLIERRPC05","","","","","","SUPPLIERRPC05","100001","Ml45","Sales tax","SUPPLIERRPC05","","","","","","SUPPLIERRPC05","0.00000","11/1/2022 12:00 AM","24.16063","1.0000000000","0.2500000000","11/1/2022 12:00 AM","432118","","","RPC-EEEE04","(RPC-EEEE04 sid888) Sales tax","Direct"
"PO65","PO65","Ml45","642.28125","0.0000000000","0.0006590000","0.0000000000","Late","Rejected","Substituted","11/1/2022 12:00 AM","11/1/2022 12:00 AM","SUPPLIERRPC05","","","","","","SUPPLIERRPC05","100002","Ml45","Sales tax","SUPPLIERRPC05","","","","","","SUPPLIERRPC05","0.00000","11/1/2022 12:00 AM","13.62063","1.0000000000","0.2500000000","11/1/2022 12:00 AM","432118","","","RPC-EEEE03","(RPC-EEEE03 sid888) Sales tax","Direct"
"PO65","PO65","Ml45","642.28125","0.0000000000","0.0006590000","0.0000000000","Late","Rejected","Substituted","11/1/2022 12:00 AM","11/1/2022 12:00 AM","SUPPLIERRPC05","","","","","","SUPPLIERRPC05","1","Ml45","RPC-05-Eureka-04","SUPPLIERRPC05","","","","","","SUPPLIERRPC05","31.00000","11/1/2022 12:00 AM","386.57000","1.0000000000","0.2500000000","11/1/2022 12:00 AM","432118","","","RPC-EEEE04","(RPC-EEEE04 sid888) Sales tax","Direct"
"PO65","PO65","Ml45","642.28125","0.0000000000","0.0006590000","0.0000000000","Late","Rejected","Substituted","11/1/2022 12:00 AM","11/1/2022 12:00 AM","SUPPLIERRPC05","","","","","","SUPPLIERRPC05","2","Ml45","RPC-05-Eureka-03","SUPPLIERRPC05","","","","","","SUPPLIERRPC05","19.00000","11/1/2022 12:00 AM","217.93000","1.0000000000","0.2500000000","11/1/2022 12:00 AM","432118","","","RPC-EEEE03","(RPC-EEEE03 sid888) Sales tax","Direct"
"PO66","PO66","ML43","1,218.68750","0.0000000000","0.0014000000","0.0000000000","Late","Rejected","Substituted","11/1/2022 12:00 AM","11/1/2022 12:00 AM","SUPPLIERRPC05","","","","","","SUPPLIERRPC05","100001","ML43","Sales tax","SUPPLIERRPC05","","","","","","SUPPLIERRPC05","0.00000","11/1/2022 12:00 AM","71.68750","1.0000000000","0.5000000000","11/1/2022 12:00 AM","432118","","","RPC-EEEE03","(RPC-EEEE03 sid888) Sales tax","Direct"
"PO66","PO66","ML43","1,218.68750","0.0000000000","0.0014000000","0.0000000000","Late","Rejected","Substituted","11/1/2022 12:00 AM","11/1/2022 12:00 AM","SUPPLIERRPC05","","","","","","SUPPLIERRPC05","1","ML43","RPC-05-Eureka-03","SUPPLIERRPC05","","","","","","SUPPLIERRPC05","100.00000","11/1/2022 12:00 AM","1,147.00000","1.0000000000","0.5000000000","11/1/2022 12:00 AM","432118","","","RPC-EEEE03","(RPC-EEEE03 sid888) Sales tax","Direct"
"PO67","PO67","ML48","892.60625","0.0000000000","0.0011800000","0.0000000000","Late","Rejected","Substituted","11/1/2022 12:00 AM","11/1/2022 12:00 AM","SUPPLIERRPC05","","","","","","SUPPLIERRPC05","100002","ML48","Sales tax","SUPPLIERRPC05","","","","","","SUPPLIERRPC05","0.00000","11/1/2022 12:00 AM","25.22813","1.0000000000","0.2500000000","11/1/2022 12:00 AM","432118","","","RPC-EEEE01","(RPC-EEEE01 sid888) RPC-05-Eureka-01","Direct"
"PO67","PO67","ML48","892.60625","0.0000000000","0.0011800000","0.0000000000","Late","Rejected","Substituted","11/1/2022 12:00 AM","11/1/2022 12:00 AM","SUPPLIERRPC05","","","","","","SUPPLIERRPC05","1","ML48","RPC-05-Eureka-04","SUPPLIERRPC05","","","","","","SUPPLIERRPC05","35.00000","11/1/2022 12:00 AM","436.45000","1.0000000000","0.2500000000","11/1/2022 12:00 AM","432118","","","RPC-EEEE04","(RPC-EEEE04 sid888) Sales tax","Direct"
"PO67","PO67","ML48","892.60625","0.0000000000","0.0011800000","0.0000000000","Late","Rejected","Substituted","11/1/2022 12:00 AM","11/1/2022 12:00 AM","SUPPLIERRPC05","","","","","","SUPPLIERRPC05","2","ML48","RPC-05-Eureka-01","SUPPLIERRPC05","","","","","","SUPPLIERRPC05","45.00000","11/1/2022 12:00 AM","403.65000","1.0000000000","0.2500000000","11/1/2022 12:00 AM","432118","","","RPC-EEEE01","(RPC-EEEE01 sid888) RPC-05-Eureka-01","Direct"
"PO67","PO67","ML48","892.60625","0.0000000000","0.0011800000","0.0000000000","Late","Rejected","Substituted","11/1/2022 12:00 AM","11/1/2022 12:00 AM","SUPPLIERRPC05","","","","","","SUPPLIERRPC05","100001","ML48","Sales tax","SUPPLIERRPC05","","","","","","SUPPLIERRPC05","0.00000","11/1/2022 12:00 AM","27.27813","1.0000000000","0.2500000000","11/1/2022 12:00 AM","432118","","","RPC-EEEE04","(RPC-EEEE04 sid888) Sales tax","Direct"
"PO68","PO68","Ml49","1,577.91875","0.0000000000","0.0007520000","0.0000000000","Late","Rejected","Substituted","11/1/2022 12:00 AM","11/1/2022 12:00 AM","SUPPLIERRPC05","","","","","","SUPPLIERRPC05","100002","Ml49","Sales tax","SUPPLIERRPC05","","","","","","SUPPLIERRPC05","0.00000","11/1/2022 12:00 AM","3.89688","1.0000000000","0.2500000000","11/1/2022 12:00 AM","432118","","","RPC-EEEE04","(RPC-EEEE04 sid888) Sales tax","Direct"
"PO68","PO68","Ml49","1,577.91875","0.0000000000","0.0007520000","0.0000000000","Late","Rejected","Substituted","11/1/2022 12:00 AM","11/1/2022 12:00 AM","SUPPLIERRPC05","","","","","","SUPPLIERRPC05","2","Ml49","RPC-05-Eureka-04","SUPPLIERRPC05","","","","","","SUPPLIERRPC05","5.00000","11/1/2022 12:00 AM","62.35000","1.0000000000","0.2500000000","11/1/2022 12:00 AM","432118","","","RPC-EEEE04","(RPC-EEEE04 sid888) Sales tax","Direct"
"PO68","PO68","Ml49","1,577.91875","0.0000000000","0.0007520000","0.0000000000","Late","Rejected","Substituted","11/1/2022 12:00 AM","11/1/2022 12:00 AM","SUPPLIERRPC05","","","","","","SUPPLIERRPC05","1","Ml49","RPC-05-Eureka-02","SUPPLIERRPC05","","","","","","SUPPLIERRPC05","75.00000","11/1/2022 12:00 AM","1,422.75000","1.0000000000","0.2500000000","11/1/2022 12:00 AM","432118","","","RPC-EEEE02","(RPC-EEEE02 sid888) RPC-05-Eureka-02","Direct"
"PO68","PO68","Ml49","1,577.91875","0.0000000000","0.0007520000","0.0000000000","Late","Rejected","Substituted","11/1/2022 12:00 AM","11/1/2022 12:00 AM","SUPPLIERRPC05","","","","","","SUPPLIERRPC05","100001","Ml49","Sales tax","SUPPLIERRPC05","","","","","","SUPPLIERRPC05","0.00000","11/1/2022 12:00 AM","88.92188","1.0000000000","0.2500000000","11/1/2022 12:00 AM","432118","","","RPC-EEEE02","(RPC-EEEE02 sid888) RPC-05-Eureka-02","Direct"
"PO69","PO69","ML51","6,674.73125","0.0000000000","0.0018400000","0.0000000000","Late","Rejected","Substituted","11/1/2022 12:00 AM","11/1/2022 12:00 AM","SUPPLIERRPC05","","","","","","SUPPLIERRPC05","100002","ML51","Sales tax","SUPPLIERRPC05","","","","","","SUPPLIERRPC05","0.00000","11/1/2022 12:00 AM","179.21875","1.0000000000","0.2500000000","11/1/2022 12:00 AM","432118","","","RPC-EEEE03","(RPC-EEEE03 sid888) Sales tax","Direct"
"PO69","PO69","ML51","6,674.73125","0.0000000000","0.0018400000","0.0000000000","Late","Rejected","Substituted","11/1/2022 12:00 AM","11/1/2022 12:00 AM","SUPPLIERRPC05","","","","","","SUPPLIERRPC05","100001","ML51","Sales tax","SUPPLIERRPC05","","","","","","SUPPLIERRPC05","0.00000","11/1/2022 12:00 AM","213.41250","1.0000000000","0.2500000000","11/1/2022 12:00 AM","432118","","","RPC-EEEE02","(RPC-EEEE02 sid888) RPC-05-Eureka-02","Direct"
"PO69","PO69","ML51","6,674.73125","0.0000000000","0.0018400000","0.0000000000","Late","Rejected","Substituted","11/1/2022 12:00 AM","11/1/2022 12:00 AM","SUPPLIERRPC05","","","","","","SUPPLIERRPC05","2","ML51","RPC-05-Eureka-03","SUPPLIERRPC05","","","","","","SUPPLIERRPC05","250.00000","11/1/2022 12:00 AM","2,867.50000","1.0000000000","0.2500000000","11/1/2022 12:00 AM","432118","","","RPC-EEEE03","(RPC-EEEE03 sid888) Sales tax","Direct"
"PO69","PO69","ML51","6,674.73125","0.0000000000","0.0018400000","0.0000000000","Late","Rejected","Substituted","11/1/2022 12:00 AM","11/1/2022 12:00 AM","SUPPLIERRPC05","","","","","","SUPPLIERRPC05","1","ML51","RPC-05-Eureka-02","SUPPLIERRPC05","","","","","","SUPPLIERRPC05","180.00000","11/1/2022 12:00 AM","3,414.60000","1.0000000000","0.2500000000","11/1/2022 12:00 AM","432118","","","RPC-EEEE02","(RPC-EEEE02 sid888) RPC-05-Eureka-02","Direct"
